order,asin,title,text,assigned_label,original_rating
0,B00BXLTVFU,Pretty much perfct,"It's a gift card. It's worth what I paid for it. It has no activation fees or expiration date and it doesn't lose its value if not used. Pretty much perfct, as far as gift cards go.",POSITIVE,5.0
1,B01JQSP498,Got it when it said,Nice delivery and fast. Hope the mom-to-be has no problems with it🤰 🙅💆🙎🙇.,POSITIVE,5.0
2,B01N9GY4GF,Perfect for graduation!!!,Great gift box for gift card!!,POSITIVE,5.0
3,B00IX1I3G6,Five Stars,Good product!,POSITIVE,5.0
4,B01E4QRN14,It's a gift card,Just what I wanted,POSITIVE,4.0
5,B00IX1I3G6,Five Stars,So far I am a fan of Amazon,POSITIVE,5.0
6,B07FMK2JQM,Easy,Easy,POSITIVE,4.0
7,B07HJD9FVV,Gift card compromised!!!,Bought this gift card from Amazon for my daughter for Christmas! $110 worth of charges magically appeared. I will never buy another gift card from Amazon again. Contacted them and got zero response.,NEGATIVE,1.0
8,B01N9GY4GF,"Beautiful high-quality packaging, perfect gift for grads!",It's an Amazon gift card in a high-quality gift box that looks like a graduation cap. It makes an excellent gift!,POSITIVE,5.0
9,B01MSBQB1P,Four Stars,Works as advertised.,POSITIVE,4.0
10,B01K8RJDEI,Helpful,Great,POSITIVE,5.0
11,B01K8RMDO0,Amazon Gift Cards Did All The Work,No need to guess what anyone wants. Everyone shops at Amazon and you will get it right every time by letting loved ones purchase exactly what they want or need. I was off the shopping hook at the push of a button!,POSITIVE,5.0
12,B09GZHPBXH,Love it!,This is great! I hope Amazon does this every year. I would definitely collect one every year,POSITIVE,5.0
13,B06WVJBLBQ,Amazon,It's a gift card.,POSITIVE,5.0
14,B086KKT3RX,It was easy to do.,I liked the ease of doing it.,POSITIVE,5.0
15,B00IX1I3G6,Or if I earned more coins per purchase that would be great as well,I wish the discount was higher. I would purchase more coins.  Or if I earned more coins per purchase that would be great as well.,NEGATIVE,3.0
16,B00IX1I3G6,not happy my 2% credit didn't automatically apply,"had to call customer services, very very annoying",NEGATIVE,1.0
17,B08ZL1W41Q,Invalid,Code didn’t work. Didn’t take certain letters in the code for redemption. Lesson learned no longer purchasing gift cards online.,NEGATIVE,1.0
18,B00IX1I3G6,Reloadable gift card,Easy to load and use.,POSITIVE,5.0
19,B0719C5P56,Might be lost,"Note came from Amazon ""might/may be lost"", so big disappointment to my intended recipient; I have asked for refund.",NEGATIVE,1.0
20,B01E4QQFPO,Five Stars,My son liked his gift card.,POSITIVE,5.0
21,B0160LI5T0,Gift Card,Everyone loves Amazon gift cards!  Easy to use!  Box is reusable for any small gift!,POSITIVE,5.0
22,B0719C5P56,Easy to Order,This made a good Christmas present for my wife.,POSITIVE,5.0
23,B01MSBQB1P,False information,web page details are inaccurate and misleading,NEGATIVE,1.0
24,B06ZY3Y9BZ,Great gift,When you don’t know what to get,POSITIVE,4.0
25,B00AS527QW,Five Stars,"Great, simple gift.",POSITIVE,5.0
26,B01MSBQB1P,Watch what you are buying,Product was not what I expected. I wanted to get Ebay cards and not visa debit cards. Lesson learned.,NEGATIVE,4.0
27,B086KKT3RX,Budget,"I use the reloaded gift card a budgeting tool for myself. Let be honest, I know I'm not the only one with a cart total close to one million lol.",POSITIVE,5.0
28,B01K8RJDEI,Its a Gift Card,"What can I say about a gift card.  It works, it was exactly what I expected, and I would purchase again.",POSITIVE,5.0
29,B07FK7L976,Quick Service Happy with everything.,Everything was quick and easy to order.,POSITIVE,5.0
30,B072P5VV4D,Easy and fast,Easy and fast,POSITIVE,5.0
31,B077T9WSSN,Great Idea,Great gift,POSITIVE,5.0
32,B01K8RJDEI,Five Stars,"What can one say, they are a gift card and it works.",POSITIVE,5.0
33,B01GKZ3SQG,Five Stars,Awsome,POSITIVE,5.0
34,B00IX1I3G6,Good feature.,Needed to add to my order balance and this helps reach that order balance immediately.  Good feature.,POSITIVE,5.0
35,B06WVJBLBQ,A go to gift card.,Everyone loves Amazon. An Amazon gift card fits any ocasion and celebration.,POSITIVE,5.0
36,B01K8RKA9A,Nice gift card,Arrived quickly. Looks nice except the cutout on the back of the tin- you see a barcode not Merry Christmas so the picture is misleading. You could flip the gift card over but then it would look silly when they open the tin.,POSITIVE,4.0
37,B07HJD9FVV,Be ware!!,Don’t buy. They activate the cards and them they desactivate it. $600 to trash.,NEGATIVE,1.0
38,B01K8RL9C2,Exactly as advertised,Great,POSITIVE,5.0
39,B077T9WSSN,Five Stars,"Fast and easy, thanks",POSITIVE,5.0
40,B00BXLVD8I,"First introduced to this restaurant in Asheville, N. C.","I gave this one to me!  Like it quite well and am holding it for a special time.  If I get only one of these next holiday, it will be mine.",POSITIVE,5.0
41,B00IX1I3G6,Five Stars,it is really great,POSITIVE,5.0
42,B01K8RMDO0,Gifted,It’s a gift card,POSITIVE,5.0
43,B014S24LC8,Five Stars,convenience,POSITIVE,5.0
44,B00IX1I3G6,It reloaded,It reloaded,POSITIVE,4.0
45,B00IX1I3G6,Five Stars,It did,POSITIVE,5.0
46,B00IX1I3G6,Great Idea!,great idea! feels like money in the bank earning interest.,POSITIVE,5.0
47,B07HJHK8Y5,Good quality!,Got what I expected.,POSITIVE,5.0
48,B00IX1I3G6,"""CONVENIENCE"" SPENDING""",I found it very convenient💲!,POSITIVE,5.0
49,B01E4QP02S,Easy gift when you don't know what to give.,"Christmas gifts,",POSITIVE,5.0
50,B094Z8FV3L,Gift card reviews are weird unless they go wrong,"We bought this for my mom, she used it, no problem.<br /><br />We've had an issue with a recent kind of multiple restaurant card where the restaurants weren't all part of the same ownership group you have to go to the website, register for one restaurant, and then it gets authorized. It's very flexible, but kind of a mess if the recipient doesn't use the internet. So we're getting single company cards from now on.<br /><br />Cheddar's worked fine.",POSITIVE,5.0
51,B071NM2PNL,Staff loved them,Great gift everybody loves Amazon,POSITIVE,5.0
52,B07GH7JZ91,Easy to use,Very convenient,POSITIVE,5.0
53,B00FTGTM5E,Didn’t work,None of the cards worked in the Starbucks ap or at Starbucks stores,NEGATIVE,1.0
54,B0078EPRPE,Just like getting free money!,I will take a $50 gift card for $40 any day!!! Basically $10 for free. Love it.,POSITIVE,5.0
55,B0866QM41K,great gifts.,Thank you!,POSITIVE,5.0
56,B00IX1I3G6,It works and I got some free cash out of it,It worked fine!,POSITIVE,5.0
57,B00CXZPG0O,Great.,I used it today and it is accepted. Great.,POSITIVE,5.0
58,B00IX1I3G6,So Easy,I always try to keep money already loaded so I always have money when I want to shop.,POSITIVE,5.0
59,B072P5VV4D,Five Stars,perfect for a gift card,POSITIVE,5.0
60,B0719C5P56,It's a gift certificate,Easy to use,POSITIVE,5.0
61,B00G0607Y2,as described,bought for my mother and came quickly :) would buy again,POSITIVE,5.0
62,B076D39N8B,No problems!,Card worked fine!,POSITIVE,5.0
63,B01K8RJDEI,"Nice tin, very appropriate","I bought these for my nieces, they loved them. Nice design for the tin.",POSITIVE,5.0
64,B00IX1I3G6,Love it,Incredible,POSITIVE,5.0
65,B00IX1I3G6,Sometimes I use this as cache money for the gift purchases,Sometimes I use this as cache money for the gift purchases. Vert seamless to buy it online.,POSITIVE,5.0
66,B00IX1I3G6,Perfect way to use odd balances on prepaid cards,"I often use Amazon's Gift Card Balance Reload to finish the remaining balances on any prepaid debit cards I have. Those cards come from many sources these days, such as rebates, promotional offers, and sometimes even government payments. It can be difficult to use up a card's entire balance through random online/retail purchases, so I'm very thankful that Amazon allows reloading of an exact value down to the cent - no more throwing away cards that still have a small amount left. There's always something great to buy on Amazon, so these balance reloads never go to waste. Five stars.",POSITIVE,5.0
67,B00GU301FK,Like,My daughter loved this as a gift. Came in fast and I had no problems,POSITIVE,5.0
68,B00BXLTZ6K,everyone loves gift cards!,What is there to say.. Game Stop gift cards are awesome! :),POSITIVE,5.0
69,B01K8RJ5GY,Convenient Gift Card for Kindle Reader,Very attractive packaging!,POSITIVE,5.0
70,B0078EPRPE,Five Stars,Nice 20% discount.,POSITIVE,5.0
71,B00IX1I3G6,Awsome,Super easy to add to your account!,POSITIVE,5.0
72,B0719C5P56,Nominations,"So incredibly stupid, they sent me two cars they were both different nominations it does not tell you which one is which value. Told you to look up the serial number but she was no serial number anywhere I can find should not be this much work it’s really stupid will never do it again thanks for",NEGATIVE,1.0
73,B00IX1I3G6,Five Stars,reloading is so easily and the money  is applied immediately,POSITIVE,5.0
74,B006PJHP62,Five Stars,perfect,POSITIVE,5.0
75,B015WZDBPS,Five Stars,Great gift,POSITIVE,5.0
76,B00IX1I3G6,Five Stars,Kids loved,POSITIVE,5.0
77,B01GKWEH64,An easy way to buy tasty donuts,I bought this the day after Thanksgiving. It arrived in a few days and worked at my local Krispy Kreme. An easy gift for the donut lover. An easy way to get tasty donuts!,POSITIVE,5.0
78,B00IX1I3G6,Five Stars,easy to use,POSITIVE,5.0
79,B00BXLTZ6K,Great,Pick a game,POSITIVE,5.0
80,B01K8RJDEI,What to give to the person you do not know very well.,Almost all my friends buy at Amazon. I do too! I always seem to find things I want when I do not have the cash to make a purchase. Amazon gift cards meet my needs and the needs of my friends.,POSITIVE,5.0
81,B00IX1I3G6,I can't figure out how to use it! I ...,I can't figure out how to use it! I was trying to use it for some Kindle purchases. I hope I can figure it out on my next try.,NEGATIVE,1.0
82,B00IX1I3G6,Five Stars,It's a gift card? What can I review about that hah.<br />It was delivered fast.,POSITIVE,5.0
83,B0727VWRHF,Beautiful case for your gift card,Awesome case to put the gift card in.  Don't even  have to wrap it.,POSITIVE,5.0
84,B016CID3CA,"Great idea, nice design.","Well, I ordered this card specifically for how the box looked.  It was secured in a plastic bag....and whoever packaged it just shoved it in, and the bow was messed up.  I had to get my curling iron and fix it.  Frankly, that is ridiculous.  Fixable...but come on.  How hard is this for $100?!?  The idea and the design, great.  Very nice.  Execution, less so.",NEGATIVE,4.0
85,B0719C5P56,Gift card,Gift card,POSITIVE,5.0
86,B01K8RJDEI,Cute Snowflake design.,Nice Snowflake design so didn't need to wrap it or anything else. Perfect gift box.,POSITIVE,5.0
87,B072L7RWQX,Nice!,Gave as gifts and loved the presentation!,POSITIVE,5.0
88,B00IX1I3G6,Five Stars,It was easy to do!,POSITIVE,5.0
89,B07GFQ5B44,Supposed to be ready to use.,"Purchased two of these as a gift for my daughter. Assumed them to be 'ready to use' since there were no instructions to activate, secure a PIN or anything else. Daughter said she could not use them when she tried.<br /><br />So hopefully she has called customer service to see what the deal is.",NEGATIVE,3.0
90,B00BXLVFAO,Works great,Card was bent when it came in but it was acceptable. The card worked perfectly and my sister appreciated it.,POSITIVE,5.0
91,B014S24DAI,Five Stars,Given as a Christmas present,POSITIVE,5.0
92,B07HJHK8Y5,A great gift!,Arrived on time and was as advertised.,POSITIVE,5.0
93,B00IX1I3G6,Amazing Deal,I got this card as a new customer so it was a great deal.  I put $100 on the card and got $125 to spend!,POSITIVE,5.0
94,B072P5VV4D,Nice box and makes a nice-looking gift.,Liked it all. So did the 4 recipients of all the boxes I bought.,POSITIVE,5.0
95,B08ZL1W41Q,This card wasn't activated prior to sending it to us.  It won't work,The card needs to be activated prior to sending it and it wasn't.  We can't redeem the card.,NEGATIVE,1.0
96,B00IX1I3G6,Make your Benifit from your money!,"It saves few money from my spending, I really like it when I use it.",POSITIVE,5.0
97,B01K8RJDEI,Great foe mailing,Nice n compact,POSITIVE,5.0
98,B01C9MW8Z6,Unique gift,Perfect Birthday gift and so cute!,POSITIVE,5.0
99,B005ESMFX8,It's a gift card in nice packaging with no overhead cost to the consumer,"It's a gift card in nice packaging with no overhead cost to the consumer. Fairly common practice, but a nice touch -- however the box does ruin the surprise!",POSITIVE,5.0
